length_pattern,case_count,cos_mean_lr_vs_target,cos_mean_lsr_vs_target,cos_direct_matrix_vs_target,cos_element_first_step_vs_left_sep,cos_element_matrix_vs_target,element_minus_direct,element_minus_mean,win_rate_vs_direct,win_rate_vs_mean
L+L,9,0.962979,0.883226,0.943725,0.946441,0.935352,-0.008373,-0.027627,0.0,0.222222
L+M,27,0.93188,0.856731,0.949026,0.953655,0.945182,-0.003844,0.013302,0.185185,0.851852
L+S,14,0.904648,0.817513,0.929058,0.947212,0.929681,0.000623,0.025033,0.5,0.714286
M+L,7,0.966605,0.882416,0.916917,0.917037,0.904935,-0.011983,-0.06167,0.0,0.0
M+M,28,0.961752,0.88146,0.897146,0.905144,0.890985,-0.006161,-0.070767,0.214286,0.0
M+S,23,0.930625,0.847236,0.896949,0.911951,0.895816,-0.001133,-0.034809,0.347826,0.130435
S+L,13,0.926893,0.840152,0.905153,0.944825,0.888138,-0.017015,-0.038755,0.0,0.0
S+M,72,0.922374,0.846363,0.889866,0.930231,0.879957,-0.009909,-0.042417,0.138889,0.097222
S+S,57,0.912609,0.847463,0.884953,0.931017,0.879728,-0.005225,-0.03288,0.22807,0.22807
