separator,case_count,cos_mean_lr_vs_target,cos_mean_lsr_vs_target,cos_direct_matrix_vs_target,cos_element_first_step_vs_left_sep,cos_element_matrix_vs_target,element_minus_direct,element_minus_mean,win_rate_vs_direct,win_rate_vs_mean
arrow,29,0.937471,0.858307,0.908551,0.921512,0.899242,-0.009309,-0.038228,0.103448,0.241379
blankline,22,0.934172,0.844552,0.896278,0.914685,0.886728,-0.00955,-0.047444,0.090909,0.136364
child,33,0.920252,0.884896,0.895823,0.933433,0.902399,0.006576,-0.017853,0.606061,0.393939
colon,71,0.914426,0.833409,0.894784,0.94279,0.885366,-0.009418,-0.02906,0.183099,0.253521
comma,38,0.932603,0.848456,0.906985,0.926122,0.898185,-0.0088,-0.034418,0.078947,0.184211
semicolon,57,0.94038,0.858768,0.91138,0.926528,0.904026,-0.007354,-0.036354,0.140351,0.175439
