length_pattern,case_count,cos_mean_lr_vs_target,cos_mean_lsr_vs_target,cos_direct_matrix_vs_target,cos_element_first_step_vs_left_sep,cos_element_matrix_vs_target,element_minus_direct,element_minus_mean,win_rate_vs_direct,win_rate_vs_mean
L+L,13,0.964143,0.888267,0.957008,0.955377,0.952554,-0.004455,-0.011589,0.076923,0.461538
L+M,47,0.939996,0.862965,0.956399,0.963382,0.952249,-0.00415,0.012253,0.12766,0.702128
L+S,21,0.90989,0.827469,0.936958,0.956167,0.93891,0.001952,0.02902,0.714286,0.857143
M+L,12,0.961138,0.882214,0.920705,0.922342,0.909846,-0.01086,-0.051293,0.0,0.0
M+M,52,0.958476,0.875368,0.919291,0.929618,0.912782,-0.006509,-0.045695,0.096154,0.038462
M+S,32,0.929308,0.838367,0.92501,0.944368,0.92223,-0.002781,-0.007079,0.34375,0.375
S+L,17,0.913904,0.823503,0.913267,0.946336,0.894279,-0.018988,-0.019625,0.0,0.235294
S+M,86,0.925727,0.851518,0.906062,0.940019,0.896775,-0.009287,-0.028952,0.186047,0.174419
S+S,95,0.912844,0.848462,0.907,0.942497,0.902841,-0.004159,-0.010003,0.273684,0.357895
