length_pattern,case_count,cos_mean_lr_vs_target,cos_mean_lsr_vs_target,cos_direct_matrix_vs_target,cos_element_first_step_vs_left_sep,cos_element_matrix_vs_target,element_minus_direct,element_minus_mean,win_rate_vs_direct,win_rate_vs_mean
L+L,4,0.951277,0.874823,0.936643,0.94326,0.92548,-0.011163,-0.025797,0.0,0.0
L+M,16,0.941504,0.862533,0.927875,0.93916,0.92172,-0.006156,-0.019784,0.125,0.3125
L+S,3,0.920993,0.844527,0.883436,0.885985,0.879362,-0.004075,-0.041631,0.333333,0.333333
M+L,3,0.975449,0.89399,0.876344,0.854788,0.863959,-0.012385,-0.11149,0.0,0.0
M+M,17,0.957315,0.877005,0.875334,0.890411,0.866006,-0.009328,-0.091309,0.058824,0.0
M+S,15,0.92801,0.848625,0.881688,0.906557,0.876232,-0.005457,-0.051778,0.133333,0.066667
S+L,4,0.918542,0.826598,0.874995,0.902082,0.85936,-0.015635,-0.059182,0.0,0.0
S+M,27,0.924385,0.851152,0.84655,0.886289,0.838098,-0.008452,-0.086286,0.148148,0.037037
S+S,36,0.915826,0.846912,0.849442,0.885039,0.84382,-0.005622,-0.072006,0.166667,0.083333
