relation_kind,case_count,cos_mean_lr_vs_target,cos_mean_lsr_vs_target,cos_direct_matrix_vs_target,cos_element_first_step_vs_left_sep,cos_element_matrix_vs_target,element_minus_direct,element_minus_mean,win_rate_vs_direct,win_rate_vs_mean
cell_join,21,0.934373,0.849675,0.866489,0.885635,0.857319,-0.009169,-0.077054,0.0,0.0
hierarchy_join,18,0.940153,0.865479,0.863596,0.887929,0.854269,-0.009327,-0.085884,0.055556,0.055556
key_value_join,27,0.914808,0.836677,0.864598,0.900658,0.855261,-0.009338,-0.059547,0.074074,0.111111
list_join,27,0.941889,0.863232,0.881091,0.893051,0.872347,-0.008744,-0.069542,0.037037,0.0
paragraph_join,16,0.938462,0.850808,0.865348,0.893536,0.858677,-0.006671,-0.079786,0.125,0.0625
relation_join,16,0.91653,0.874869,0.887157,0.928065,0.888989,0.001832,-0.027541,0.625,0.375
