length_pattern,case_count,cos_mean_lr_vs_target,cos_mean_lsr_vs_target,cos_direct_matrix_vs_target,cos_element_first_step_vs_left_sep,cos_element_matrix_vs_target,element_minus_direct,element_minus_mean,win_rate_vs_direct,win_rate_vs_mean
L+L,4,0.944612,0.864238,0.92791,0.950345,0.921035,-0.006875,-0.023576,0.0,0.25
L+M,20,0.935932,0.859126,0.92498,0.932181,0.918479,-0.006501,-0.017453,0.0,0.45
L+S,5,0.891771,0.81495,0.909008,0.925049,0.906679,-0.002329,0.014907,0.4,0.6
M+L,4,0.958554,0.871769,0.870853,0.891563,0.860418,-0.010434,-0.098136,0.0,0.0
M+M,9,0.959046,0.878642,0.882908,0.891224,0.87585,-0.007058,-0.083196,0.111111,0.0
M+S,14,0.936053,0.842537,0.87775,0.893772,0.870227,-0.007523,-0.065826,0.071429,0.142857
S+L,8,0.909841,0.825371,0.85114,0.93849,0.837823,-0.013318,-0.072018,0.0,0.0
S+M,32,0.919514,0.840093,0.851613,0.910798,0.843551,-0.008062,-0.075964,0.15625,0.0
S+S,29,0.912201,0.837087,0.841692,0.894949,0.834318,-0.007374,-0.077883,0.206897,0.068966
