length_pattern,case_count,cos_mean_lr_vs_target,cos_mean_lsr_vs_target,cos_direct_matrix_vs_target,cos_element_first_step_vs_left_sep,cos_element_matrix_vs_target,element_minus_direct,element_minus_mean,win_rate_vs_direct,win_rate_vs_mean
L+L,7,0.959982,0.879491,0.895696,0.897395,0.887666,-0.00803,-0.072316,0.285714,0.142857
L+M,13,0.937024,0.859311,0.933155,0.936447,0.926069,-0.007086,-0.010955,0.0,0.384615
L+S,3,0.889679,0.814461,0.895837,0.919677,0.900626,0.004789,0.010947,0.666667,0.666667
M+L,3,0.948433,0.868274,0.855976,0.897002,0.842945,-0.013031,-0.105488,0.0,0.0
M+M,12,0.95997,0.87658,0.866407,0.874486,0.860409,-0.005998,-0.099561,0.083333,0.0
M+S,15,0.927482,0.841174,0.886762,0.901032,0.880999,-0.005762,-0.046483,0.066667,0.266667
S+L,11,0.913974,0.825843,0.860907,0.918635,0.842492,-0.018415,-0.071482,0.0,0.0
S+M,34,0.928383,0.850525,0.86326,0.898757,0.853565,-0.009695,-0.074817,0.176471,0.0
S+S,27,0.90476,0.842621,0.841711,0.907848,0.839734,-0.001978,-0.065026,0.333333,0.037037
