relation_kind,case_count,cos_mean_lr_vs_target,cos_mean_lsr_vs_target,cos_direct_matrix_vs_target,cos_element_first_step_vs_left_sep,cos_element_matrix_vs_target,element_minus_direct,element_minus_mean,win_rate_vs_direct,win_rate_vs_mean
cell_join,16,0.933567,0.847249,0.882704,0.912053,0.873317,-0.009387,-0.060251,0.125,0.1875
hierarchy_join,21,0.93141,0.856274,0.86232,0.900109,0.85425,-0.008071,-0.07716,0.142857,0.0
key_value_join,33,0.914068,0.83211,0.860342,0.910118,0.850842,-0.0095,-0.063227,0.090909,0.060606
list_join,28,0.936594,0.854401,0.871781,0.893632,0.863709,-0.008072,-0.072885,0.071429,0.107143
paragraph_join,10,0.939749,0.85146,0.885524,0.890197,0.871956,-0.013568,-0.067792,0.1,0.2
relation_join,17,0.918328,0.872348,0.883133,0.919814,0.887713,0.004579,-0.030616,0.588235,0.176471
