length_pattern,case_count,cos_mean_lr_vs_target,cos_mean_lsr_vs_target,cos_direct_matrix_vs_target,cos_element_first_step_vs_left_sep,cos_element_matrix_vs_target,element_minus_direct,element_minus_mean,win_rate_vs_direct,win_rate_vs_mean
L+L,17,0.963517,0.885984,0.949879,0.951237,0.94221,-0.007668,-0.021306,0.0,0.176471
L+M,24,0.938707,0.859478,0.946629,0.950554,0.94072,-0.005909,0.002013,0.083333,0.666667
L+S,13,0.908051,0.824384,0.936056,0.947601,0.933706,-0.00235,0.025654,0.461538,0.769231
M+L,3,0.964751,0.914727,0.905003,0.936426,0.905238,0.000234,-0.059513,0.333333,0.0
M+M,25,0.958544,0.875464,0.905328,0.916221,0.897603,-0.007725,-0.060941,0.12,0.0
M+S,36,0.924664,0.838087,0.909417,0.930734,0.907418,-0.001998,-0.017245,0.277778,0.194444
S+L,18,0.918615,0.8325,0.889181,0.944009,0.875965,-0.013216,-0.04265,0.055556,0.055556
S+M,62,0.921769,0.841991,0.890846,0.934918,0.881108,-0.009738,-0.040661,0.080645,0.096774
S+S,52,0.905292,0.838793,0.884522,0.931449,0.881262,-0.003261,-0.02403,0.384615,0.173077
