separator,case_count,cos_mean_lr_vs_target,cos_mean_lsr_vs_target,cos_direct_matrix_vs_target,cos_element_first_step_vs_left_sep,cos_element_matrix_vs_target,element_minus_direct,element_minus_mean,win_rate_vs_direct,win_rate_vs_mean
arrow,33,0.936169,0.858347,0.90263,0.927483,0.894938,-0.007692,-0.041232,0.121212,0.121212
blankline,29,0.938584,0.848897,0.911167,0.928003,0.902206,-0.008961,-0.036378,0.137931,0.137931
child,24,0.923714,0.884675,0.905095,0.942416,0.910716,0.005622,-0.012997,0.583333,0.375
colon,64,0.905336,0.824386,0.891608,0.94575,0.883604,-0.008003,-0.021731,0.15625,0.234375
comma,30,0.932696,0.848759,0.915935,0.934868,0.910382,-0.005553,-0.022313,0.2,0.266667
semicolon,70,0.934502,0.851638,0.9126,0.931511,0.905161,-0.007439,-0.02934,0.142857,0.171429
