length_pattern,case_count,cos_mean_lr_vs_target,cos_mean_lsr_vs_target,cos_direct_matrix_vs_target,cos_element_first_step_vs_left_sep,cos_element_matrix_vs_target,element_minus_direct,element_minus_mean,win_rate_vs_direct,win_rate_vs_mean
L+M,1,0.959185,0.873014,0.922501,0.917756,0.89917,-0.023331,-0.060015,0.0,0.0
M+M,7,0.958486,0.880088,0.872945,0.897822,0.860564,-0.012381,-0.097922,0.0,0.0
M+S,5,0.929581,0.828814,0.921635,0.91737,0.917091,-0.004544,-0.01249,0.0,0.6
S+L,2,0.924586,0.845281,0.84114,0.841215,0.836393,-0.004748,-0.088193,0.0,0.0
S+M,4,0.926796,0.861734,0.860691,0.879483,0.858753,-0.001938,-0.068043,0.25,0.0
S+S,6,0.926599,0.849176,0.898167,0.894012,0.881633,-0.016534,-0.044966,0.0,0.333333
