length_pattern,case_count,cos_mean_lr_vs_target,cos_mean_lsr_vs_target,cos_direct_matrix_vs_target,cos_element_first_step_vs_left_sep,cos_element_matrix_vs_target,element_minus_direct,element_minus_mean,win_rate_vs_direct,win_rate_vs_mean
L+L,5,0.962278,0.882836,0.913738,0.911583,0.902806,-0.010932,-0.059472,0.0,0.0
L+M,10,0.926565,0.85482,0.932068,0.938177,0.929319,-0.002749,0.002754,0.3,0.5
L+S,5,0.898489,0.813841,0.942162,0.948973,0.936908,-0.005254,0.038418,0.4,0.8
M+L,5,0.96524,0.897397,0.875545,0.868605,0.868937,-0.006608,-0.096303,0.0,0.0
M+M,16,0.957909,0.874456,0.883743,0.900721,0.876247,-0.007496,-0.081662,0.125,0.0
M+S,22,0.925002,0.834397,0.864367,0.883501,0.859803,-0.004564,-0.065199,0.136364,0.090909
S+L,8,0.912334,0.831122,0.861995,0.936379,0.8511,-0.010895,-0.061234,0.125,0.0
S+M,29,0.92625,0.849393,0.862853,0.906904,0.855371,-0.007482,-0.070879,0.172414,0.0
S+S,25,0.910698,0.847747,0.845709,0.899537,0.841196,-0.004513,-0.069502,0.28,0.12
