separator,case_count,cos_mean_lr_vs_target,cos_mean_lsr_vs_target,cos_direct_matrix_vs_target,cos_element_first_step_vs_left_sep,cos_element_matrix_vs_target,element_minus_direct,element_minus_mean,win_rate_vs_direct,win_rate_vs_mean
arrow,13,0.941225,0.862982,0.865909,0.893905,0.85966,-0.006249,-0.081565,0.076923,0.0
blankline,20,0.938891,0.85226,0.882025,0.899598,0.872976,-0.00905,-0.065916,0.05,0.1
child,15,0.93261,0.889152,0.878898,0.907545,0.879389,0.00049,-0.053222,0.533333,0.2
colon,35,0.913603,0.834047,0.863152,0.919663,0.855563,-0.007589,-0.05804,0.171429,0.085714
comma,10,0.925764,0.842766,0.88146,0.909808,0.875876,-0.005584,-0.049889,0.3,0.2
semicolon,32,0.930093,0.847534,0.877799,0.895113,0.871473,-0.006326,-0.05862,0.125,0.125
