length_pattern,case_count,cos_mean_lr_vs_target,cos_mean_lsr_vs_target,cos_direct_matrix_vs_target,cos_element_first_step_vs_left_sep,cos_element_matrix_vs_target,element_minus_direct,element_minus_mean,win_rate_vs_direct,win_rate_vs_mean
L+L,16,0.960456,0.876656,0.95075,0.955477,0.941985,-0.008765,-0.018471,0.0,0.25
L+M,42,0.938198,0.862357,0.95421,0.963904,0.950208,-0.004002,0.01201,0.071429,0.785714
L+S,22,0.91102,0.821422,0.936701,0.954905,0.937148,0.000447,0.026128,0.454545,0.909091
M+L,12,0.968259,0.891568,0.934747,0.940794,0.925311,-0.009436,-0.042948,0.0,0.0
M+M,43,0.955129,0.874349,0.928398,0.936888,0.92293,-0.005469,-0.0322,0.162791,0.046512
M+S,35,0.931115,0.850564,0.914398,0.931509,0.912262,-0.002136,-0.018852,0.285714,0.228571
S+L,27,0.919263,0.843753,0.91783,0.95412,0.907615,-0.010215,-0.011648,0.148148,0.259259
S+M,89,0.924652,0.849491,0.907431,0.942642,0.897646,-0.009785,-0.027006,0.179775,0.191011
S+S,89,0.9152,0.846325,0.907113,0.936634,0.901133,-0.00598,-0.014067,0.191011,0.292135
