separator,case_count,cos_mean_lr_vs_target,cos_mean_lsr_vs_target,cos_direct_matrix_vs_target,cos_element_first_step_vs_left_sep,cos_element_matrix_vs_target,element_minus_direct,element_minus_mean,win_rate_vs_direct,win_rate_vs_mean
arrow,42,0.938176,0.859661,0.921692,0.936777,0.914574,-0.007118,-0.023602,0.119048,0.309524
blankline,57,0.935496,0.847969,0.920172,0.9388,0.912335,-0.007837,-0.023161,0.070175,0.175439
child,65,0.925478,0.880799,0.918985,0.946207,0.921389,0.002404,-0.004089,0.538462,0.461538
colon,90,0.913554,0.832469,0.914929,0.95008,0.905556,-0.009373,-0.007997,0.1,0.344444
comma,46,0.936365,0.852636,0.920908,0.941138,0.912854,-0.008054,-0.023511,0.173913,0.217391
semicolon,75,0.939791,0.856745,0.929518,0.944209,0.921557,-0.007961,-0.018234,0.08,0.306667
