length_pattern,case_count,cos_mean_lr_vs_target,cos_mean_lsr_vs_target,cos_element_matrix_vs_target,element_minus_mean,win_rate_vs_direct,win_rate_vs_mean
step_2,125,0.928736,0.928736,0.961137,0.032401,,0.824
step_3,61,0.903997,0.903997,0.965299,0.061302,,0.983607
step_4,20,0.893405,0.893405,0.966986,0.07358,,1.0
step_5,3,0.865314,0.865314,0.984912,0.119599,,1.0
step_6,2,0.854923,0.854923,0.977398,0.122475,,1.0
