length_pattern,case_count,cos_mean_lr_vs_target,cos_mean_lsr_vs_target,cos_direct_matrix_vs_target,cos_element_first_step_vs_left_sep,cos_element_matrix_vs_target,element_minus_direct,element_minus_mean,win_rate_vs_direct,win_rate_vs_mean
L+L,2,0.953564,0.879137,0.925078,0.947173,0.916595,-0.008483,-0.036969,0.0,0.0
L+M,16,0.938265,0.862692,0.935053,0.941824,0.928775,-0.006278,-0.00949,0.0,0.4375
L+S,7,0.898215,0.817365,0.927842,0.943517,0.927474,-0.000368,0.029259,0.142857,0.857143
M+L,1,0.973387,0.887083,0.93446,0.910404,0.914959,-0.019501,-0.058428,0.0,0.0
M+M,10,0.95967,0.878049,0.867372,0.882687,0.861392,-0.00598,-0.098278,0.1,0.0
M+S,10,0.919787,0.836567,0.883842,0.90489,0.881184,-0.002658,-0.038604,0.5,0.2
S+L,11,0.913585,0.829774,0.86276,0.922842,0.853207,-0.009553,-0.060379,0.090909,0.0
S+M,33,0.926151,0.844795,0.85696,0.8956,0.845998,-0.010961,-0.080152,0.060606,0.030303
S+S,35,0.899196,0.840666,0.839658,0.905924,0.837038,-0.00262,-0.062159,0.257143,0.171429
