length_pattern,case_count,cos_mean_lr_vs_target,cos_mean_lsr_vs_target,cos_direct_matrix_vs_target,cos_element_first_step_vs_left_sep,cos_element_matrix_vs_target,element_minus_direct,element_minus_mean,win_rate_vs_direct,win_rate_vs_mean
L+L,7,0.963817,0.88215,0.937866,0.933077,0.932264,-0.005602,-0.031553,0.142857,0.0
L+M,28,0.934413,0.860492,0.950785,0.954688,0.946575,-0.00421,0.012162,0.107143,0.714286
L+S,10,0.902735,0.821674,0.92282,0.946678,0.924269,0.001449,0.021534,0.7,0.7
M+L,8,0.961193,0.882313,0.907829,0.91192,0.896894,-0.010935,-0.064299,0.0,0.0
M+M,30,0.957643,0.876419,0.90294,0.915398,0.897332,-0.005608,-0.060311,0.133333,0.0
M+S,22,0.921183,0.842545,0.908193,0.928183,0.907537,-0.000656,-0.013645,0.363636,0.318182
S+L,20,0.91134,0.82321,0.883807,0.928205,0.864746,-0.019061,-0.046594,0.05,0.0
S+M,59,0.92709,0.846507,0.887975,0.92688,0.87579,-0.012184,-0.0513,0.101695,0.050847
S+S,66,0.911752,0.847125,0.884253,0.924234,0.879128,-0.005125,-0.032624,0.227273,0.227273
