relation_kind,case_count,cos_mean_lr_vs_target,cos_mean_lsr_vs_target,cos_direct_matrix_vs_target,cos_element_first_step_vs_left_sep,cos_element_matrix_vs_target,element_minus_direct,element_minus_mean,win_rate_vs_direct,win_rate_vs_mean
cell_join,27,0.939888,0.857,0.900541,0.919996,0.891504,-0.009037,-0.048383,0.037037,0.074074
hierarchy_join,33,0.930376,0.853554,0.901076,0.923726,0.889598,-0.011478,-0.040779,0.060606,0.121212
key_value_join,68,0.909887,0.831836,0.895173,0.938577,0.887015,-0.008158,-0.022872,0.176471,0.25
list_join,60,0.939274,0.860297,0.906682,0.927092,0.898818,-0.007864,-0.040456,0.083333,0.183333
paragraph_join,30,0.928126,0.840329,0.889594,0.914945,0.881267,-0.008327,-0.046859,0.233333,0.133333
relation_join,32,0.924104,0.874756,0.911345,0.935512,0.912848,0.001503,-0.011256,0.5625,0.4375
