length_pattern,case_count,cos_mean_lr_vs_target,cos_mean_lsr_vs_target,cos_direct_matrix_vs_target,cos_element_first_step_vs_left_sep,cos_element_matrix_vs_target,element_minus_direct,element_minus_mean,win_rate_vs_direct,win_rate_vs_mean
L+L,4,0.95796,0.875095,0.944628,0.945253,0.936801,-0.007827,-0.021159,0.0,0.25
L+M,24,0.938627,0.859306,0.934281,0.941339,0.929732,-0.004549,-0.008895,0.125,0.541667
L+S,16,0.903018,0.821271,0.93049,0.947209,0.929806,-0.000684,0.026788,0.375,0.75
M+L,9,0.964711,0.884426,0.914012,0.918087,0.902261,-0.011751,-0.06245,0.0,0.0
M+M,31,0.961643,0.877611,0.916655,0.923737,0.909562,-0.007093,-0.052082,0.16129,0.0
M+S,37,0.934156,0.848744,0.892693,0.912353,0.890885,-0.001808,-0.043271,0.243243,0.108108
S+L,10,0.925298,0.843741,0.890098,0.91757,0.876592,-0.013506,-0.048706,0.0,0.0
S+M,66,0.926789,0.845171,0.891941,0.934931,0.881839,-0.010103,-0.044951,0.075758,0.075758
S+S,53,0.907207,0.844597,0.883319,0.929884,0.87885,-0.004469,-0.028357,0.264151,0.264151
