relation_kind,case_count,cos_mean_lr_vs_target,cos_mean_lsr_vs_target,cos_direct_matrix_vs_target,cos_element_first_step_vs_left_sep,cos_element_matrix_vs_target,element_minus_direct,element_minus_mean,win_rate_vs_direct,win_rate_vs_mean
cell_join,34,0.941874,0.85728,0.904373,0.921999,0.894454,-0.009919,-0.04742,0.058824,0.088235
hierarchy_join,36,0.93248,0.851509,0.902412,0.916194,0.895032,-0.00738,-0.037448,0.138889,0.194444
key_value_join,60,0.917087,0.833155,0.901033,0.950559,0.892365,-0.008669,-0.024722,0.116667,0.233333
list_join,55,0.93877,0.858438,0.902891,0.916962,0.895155,-0.007735,-0.043615,0.072727,0.163636
paragraph_join,36,0.935027,0.846132,0.903081,0.926899,0.895419,-0.007662,-0.039608,0.138889,0.194444
relation_join,29,0.912268,0.874128,0.892372,0.937359,0.900703,0.00833,-0.011566,0.655172,0.310345
