length_pattern,case_count,cos_mean_lr_vs_target,cos_mean_lsr_vs_target,cos_direct_matrix_vs_target,cos_element_first_step_vs_left_sep,cos_element_matrix_vs_target,element_minus_direct,element_minus_mean,win_rate_vs_direct,win_rate_vs_mean
L+L,10,0.959486,0.880923,0.958065,0.955985,0.950836,-0.007229,-0.00865,0.0,0.2
L+M,33,0.938841,0.862105,0.949566,0.958101,0.944892,-0.004674,0.006051,0.060606,0.666667
L+S,13,0.908863,0.824405,0.926845,0.946022,0.924006,-0.002838,0.015143,0.153846,0.769231
M+L,6,0.966723,0.889678,0.916349,0.904488,0.903631,-0.012718,-0.063092,0.0,0.0
M+M,31,0.95719,0.873807,0.906581,0.92197,0.897145,-0.009435,-0.060045,0.032258,0.064516
M+S,18,0.929115,0.841044,0.901437,0.926081,0.901618,0.000181,-0.027497,0.444444,0.166667
S+L,16,0.921993,0.837616,0.895803,0.936273,0.88285,-0.012953,-0.039143,0.0625,0.0
S+M,65,0.924165,0.84398,0.889523,0.922662,0.878241,-0.011282,-0.045924,0.123077,0.030769
S+S,58,0.902706,0.836245,0.882988,0.926253,0.8746,-0.008388,-0.028106,0.172414,0.155172
