relation_kind,case_count,cos_mean_lr_vs_target,cos_mean_lsr_vs_target,cos_direct_matrix_vs_target,cos_element_first_step_vs_left_sep,cos_element_matrix_vs_target,element_minus_direct,element_minus_mean,win_rate_vs_direct,win_rate_vs_mean
cell_join,29,0.936863,0.852041,0.910282,0.935974,0.90199,-0.008292,-0.034873,0.068966,0.206897
hierarchy_join,39,0.936343,0.858082,0.906247,0.926147,0.896631,-0.009617,-0.039713,0.051282,0.153846
key_value_join,64,0.903419,0.827408,0.892121,0.93411,0.881809,-0.010313,-0.02161,0.109375,0.21875
list_join,55,0.940314,0.858325,0.915664,0.930902,0.906798,-0.008866,-0.033516,0.054545,0.181818
paragraph_join,39,0.935806,0.848179,0.903405,0.922844,0.894078,-0.009327,-0.041729,0.102564,0.153846
relation_join,24,0.918739,0.870347,0.905271,0.941348,0.908224,0.002953,-0.010515,0.583333,0.333333
