length_pattern,case_count,cos_mean_lr_vs_target,cos_mean_lsr_vs_target,cos_direct_matrix_vs_target,cos_element_first_step_vs_left_sep,cos_element_matrix_vs_target,element_minus_direct,element_minus_mean,win_rate_vs_direct,win_rate_vs_mean
L+L,8,0.958231,0.875673,0.944333,0.950106,0.934315,-0.010018,-0.023916,0.0,0.25
L+M,24,0.94718,0.86997,0.942064,0.944856,0.936143,-0.005921,-0.011038,0.041667,0.5
L+S,15,0.903567,0.817559,0.91964,0.942208,0.919941,0.000301,0.016374,0.4,0.6
M+L,5,0.964544,0.889319,0.923467,0.938596,0.915686,-0.007781,-0.048858,0.0,0.0
M+M,28,0.961151,0.881535,0.904033,0.925214,0.899041,-0.004992,-0.06211,0.214286,0.0
M+S,30,0.934892,0.851569,0.909743,0.926164,0.906434,-0.003309,-0.028458,0.2,0.2
S+L,19,0.919083,0.830168,0.889715,0.942595,0.872852,-0.016864,-0.046231,0.0,0.0
S+M,68,0.927604,0.849199,0.888057,0.92215,0.876227,-0.01183,-0.051377,0.102941,0.029412
S+S,53,0.905958,0.841542,0.885781,0.933233,0.88134,-0.004441,-0.024618,0.245283,0.283019
