relation_kind,case_count,cos_mean_lr_vs_target,cos_mean_lsr_vs_target,cos_direct_matrix_vs_target,cos_element_first_step_vs_left_sep,cos_element_matrix_vs_target,element_minus_direct,element_minus_mean,win_rate_vs_direct,win_rate_vs_mean
cell_join,28,0.942906,0.858192,0.899878,0.921728,0.892528,-0.00735,-0.050378,0.071429,0.035714
hierarchy_join,33,0.93544,0.85345,0.911929,0.934096,0.902481,-0.009448,-0.032959,0.090909,0.181818
key_value_join,70,0.912278,0.832673,0.894168,0.94275,0.883821,-0.010347,-0.028457,0.1,0.257143
list_join,44,0.935621,0.853807,0.898287,0.920964,0.890755,-0.007532,-0.044866,0.090909,0.136364
paragraph_join,38,0.939081,0.849961,0.90595,0.924181,0.896402,-0.009547,-0.042679,0.105263,0.078947
relation_join,37,0.927191,0.881048,0.90777,0.935242,0.909936,0.002166,-0.017254,0.513514,0.324324
