length_pattern,case_count,cos_mean_lr_vs_target,cos_mean_lsr_vs_target,cos_direct_matrix_vs_target,cos_element_first_step_vs_left_sep,cos_element_matrix_vs_target,element_minus_direct,element_minus_mean,win_rate_vs_direct,win_rate_vs_mean
L+L,10,0.96227,0.882096,0.951636,0.947971,0.943841,-0.007795,-0.018429,0.0,0.1
L+M,26,0.937454,0.863219,0.941908,0.949994,0.936611,-0.005297,-0.000843,0.038462,0.653846
L+S,6,0.907412,0.82066,0.933264,0.949284,0.931582,-0.001682,0.02417,0.333333,0.833333
M+L,5,0.963841,0.878144,0.932613,0.937908,0.92012,-0.012493,-0.043721,0.0,0.0
M+M,32,0.95816,0.875772,0.915346,0.92514,0.909267,-0.006079,-0.048892,0.09375,0.125
M+S,29,0.929967,0.848884,0.898314,0.92059,0.895321,-0.002992,-0.034645,0.172414,0.172414
S+L,18,0.910581,0.829579,0.893832,0.942031,0.878617,-0.015215,-0.031963,0.055556,0.055556
S+M,63,0.921214,0.842676,0.886742,0.924604,0.874842,-0.011901,-0.046372,0.126984,0.047619
S+S,61,0.912125,0.846389,0.894035,0.926805,0.888622,-0.005413,-0.023503,0.180328,0.278689
