separator,case_count,cos_mean_lr_vs_target,cos_mean_lsr_vs_target,cos_direct_matrix_vs_target,cos_element_first_step_vs_left_sep,cos_element_matrix_vs_target,element_minus_direct,element_minus_mean,win_rate_vs_direct,win_rate_vs_mean
arrow,43,0.932966,0.855403,0.903932,0.929348,0.895135,-0.008797,-0.037831,0.069767,0.116279
blankline,32,0.933511,0.844806,0.904141,0.925255,0.892829,-0.011312,-0.040682,0.0625,0.125
child,31,0.913895,0.869109,0.900588,0.935867,0.90369,0.003102,-0.010204,0.580645,0.483871
colon,64,0.914926,0.8357,0.896277,0.934709,0.887433,-0.008844,-0.027493,0.0625,0.21875
comma,36,0.938369,0.854314,0.907743,0.927082,0.898885,-0.008858,-0.039484,0.055556,0.194444
semicolon,44,0.93863,0.860767,0.916827,0.927949,0.907864,-0.008963,-0.030766,0.045455,0.181818
