length_pattern,case_count,cos_mean_lr_vs_target,cos_mean_lsr_vs_target,cos_direct_matrix_vs_target,cos_element_first_step_vs_left_sep,cos_element_matrix_vs_target,element_minus_direct,element_minus_mean,win_rate_vs_direct,win_rate_vs_mean
L+L,13,0.962707,0.881132,0.948556,0.945813,0.942252,-0.006304,-0.020455,0.0,0.153846
L+M,23,0.938424,0.861806,0.940792,0.943844,0.934905,-0.005887,-0.003519,0.086957,0.478261
L+S,17,0.916101,0.837288,0.940677,0.955622,0.937743,-0.002935,0.021642,0.117647,0.705882
M+L,3,0.962013,0.875505,0.904995,0.89492,0.895559,-0.009436,-0.066454,0.0,0.0
M+M,34,0.960752,0.879138,0.916658,0.925277,0.91204,-0.004618,-0.048712,0.205882,0.0
M+S,22,0.925301,0.841391,0.900643,0.91858,0.896967,-0.003676,-0.028334,0.318182,0.136364
S+L,15,0.909574,0.826354,0.884229,0.935574,0.869081,-0.015148,-0.040493,0.066667,0.133333
S+M,52,0.922892,0.841196,0.884071,0.924951,0.870922,-0.01315,-0.05197,0.038462,0.038462
S+S,71,0.903957,0.839217,0.889926,0.930845,0.883856,-0.00607,-0.020101,0.169014,0.338028
