relation_kind,case_count,cos_mean_lr_vs_target,cos_mean_lsr_vs_target,cos_direct_matrix_vs_target,cos_element_first_step_vs_left_sep,cos_element_matrix_vs_target,element_minus_direct,element_minus_mean,win_rate_vs_direct,win_rate_vs_mean
cell_join,33,0.941642,0.857457,0.909443,0.923908,0.901275,-0.008168,-0.040367,0.030303,0.151515
hierarchy_join,37,0.931031,0.851,0.895824,0.923804,0.886014,-0.00981,-0.045017,0.054054,0.108108
key_value_join,79,0.907541,0.830036,0.896917,0.939919,0.888198,-0.008718,-0.019343,0.088608,0.329114
list_join,42,0.93426,0.856038,0.919655,0.933085,0.910483,-0.009172,-0.023777,0.047619,0.261905
paragraph_join,32,0.939238,0.851021,0.90471,0.917368,0.897044,-0.007665,-0.042193,0.25,0.125
relation_join,27,0.921601,0.878434,0.906912,0.939069,0.909742,0.00283,-0.011859,0.481481,0.222222
