length_pattern,case_count,cos_mean_lr_vs_target,cos_mean_lsr_vs_target,cos_direct_matrix_vs_target,cos_element_first_step_vs_left_sep,cos_element_matrix_vs_target,element_minus_direct,element_minus_mean,win_rate_vs_direct,win_rate_vs_mean
L+L,12,0.964193,0.882784,0.946912,0.946796,0.941716,-0.005195,-0.022477,0.083333,0.166667
L+M,27,0.936276,0.859628,0.945249,0.951347,0.941005,-0.004244,0.004729,0.259259,0.555556
L+S,15,0.90442,0.818536,0.924146,0.936849,0.920644,-0.003502,0.016224,0.333333,0.733333
M+L,4,0.976097,0.894227,0.895263,0.891666,0.885625,-0.009639,-0.090473,0.0,0.0
M+M,31,0.958186,0.877286,0.91281,0.923377,0.906453,-0.006358,-0.051734,0.225806,0.0
M+S,21,0.930402,0.843041,0.907764,0.931267,0.905103,-0.002661,-0.025299,0.333333,0.238095
S+L,16,0.909722,0.828408,0.892007,0.950188,0.877514,-0.014493,-0.032208,0.125,0.0625
S+M,70,0.925167,0.845819,0.887419,0.932013,0.877033,-0.010386,-0.048134,0.128571,0.028571
S+S,54,0.908866,0.839126,0.887109,0.930392,0.881799,-0.005309,-0.027067,0.259259,0.185185
