relation_kind,case_count,cos_mean_lr_vs_target,cos_mean_lsr_vs_target,cos_direct_matrix_vs_target,cos_element_first_step_vs_left_sep,cos_element_matrix_vs_target,element_minus_direct,element_minus_mean,win_rate_vs_direct,win_rate_vs_mean
cell_join,40,0.936679,0.854938,0.904596,0.92833,0.897698,-0.006898,-0.038981,0.1,0.075
hierarchy_join,31,0.939591,0.861552,0.911892,0.925558,0.903389,-0.008503,-0.036203,0.096774,0.225806
key_value_join,68,0.911391,0.830368,0.895508,0.945368,0.886434,-0.009074,-0.024957,0.161765,0.235294
list_join,45,0.933753,0.849192,0.905803,0.929898,0.8962,-0.009603,-0.037554,0.111111,0.133333
paragraph_join,33,0.93329,0.843283,0.904525,0.930292,0.897708,-0.006817,-0.035582,0.242424,0.212121
relation_join,33,0.926429,0.876365,0.909875,0.935702,0.911301,0.001426,-0.015128,0.636364,0.212121
