length_pattern,case_count,cos_mean_lr_vs_target,cos_mean_lsr_vs_target,cos_direct_matrix_vs_target,cos_element_first_step_vs_left_sep,cos_element_matrix_vs_target,element_minus_direct,element_minus_mean,win_rate_vs_direct,win_rate_vs_mean
L+L,8,0.96925,0.885759,0.908723,0.880332,0.90086,-0.007862,-0.068389,0.0,0.0
L+M,10,0.942739,0.865556,0.930125,0.928255,0.92207,-0.008055,-0.020669,0.0,0.4
L+S,9,0.897028,0.816035,0.907328,0.92564,0.900577,-0.006752,0.003549,0.111111,0.444444
M+L,1,0.977571,0.886654,0.879477,0.868244,0.873182,-0.006295,-0.104389,0.0,0.0
M+M,11,0.963504,0.876685,0.874965,0.880895,0.865984,-0.008981,-0.097521,0.090909,0.0
M+S,12,0.923768,0.844126,0.874719,0.891111,0.8712,-0.003519,-0.052568,0.416667,0.166667
S+L,11,0.912119,0.833825,0.860521,0.934569,0.852168,-0.008353,-0.059951,0.090909,0.090909
S+M,32,0.928199,0.848141,0.847455,0.901257,0.841049,-0.006405,-0.08715,0.1875,0.03125
S+S,31,0.910992,0.846437,0.854923,0.902429,0.847784,-0.007139,-0.063208,0.193548,0.064516
