length_pattern,case_count,cos_mean_lr_vs_target,cos_mean_lsr_vs_target,cos_direct_matrix_vs_target,cos_element_first_step_vs_left_sep,cos_element_matrix_vs_target,element_minus_direct,element_minus_mean,win_rate_vs_direct,win_rate_vs_mean
L+L,8,0.955114,0.878021,0.935462,0.928189,0.92736,-0.008102,-0.027754,0.0,0.125
L+M,19,0.940532,0.859337,0.930285,0.942848,0.924158,-0.006126,-0.016374,0.105263,0.421053
L+S,4,0.909027,0.829395,0.904178,0.912853,0.896086,-0.008092,-0.012941,0.0,0.25
M+L,2,0.966958,0.880499,0.863479,0.87741,0.848709,-0.01477,-0.118249,0.0,0.0
M+M,15,0.959913,0.878375,0.883546,0.892964,0.874542,-0.009004,-0.08537,0.0,0.0
M+S,11,0.930705,0.843541,0.865324,0.884074,0.861665,-0.00366,-0.069041,0.181818,0.0
S+L,9,0.912988,0.827038,0.842084,0.889983,0.829114,-0.01297,-0.083874,0.0,0.0
S+M,28,0.922427,0.838165,0.855548,0.903523,0.844614,-0.010934,-0.077813,0.071429,0.0
S+S,29,0.915326,0.842372,0.837334,0.886867,0.831079,-0.006256,-0.084248,0.172414,0.034483
