separator,case_count,cos_mean_lr_vs_target,cos_mean_lsr_vs_target,cos_direct_matrix_vs_target,cos_element_first_step_vs_left_sep,cos_element_matrix_vs_target,element_minus_direct,element_minus_mean,win_rate_vs_direct,win_rate_vs_mean
arrow,16,0.938082,0.861634,0.874444,0.883489,0.867225,-0.007219,-0.070857,0.125,0.0
blankline,19,0.937039,0.845859,0.871748,0.89651,0.864279,-0.007469,-0.07276,0.157895,0.105263
child,10,0.92738,0.868245,0.906209,0.931733,0.900856,-0.005353,-0.026524,0.2,0.2
colon,31,0.912258,0.832958,0.850942,0.917229,0.841867,-0.009075,-0.070391,0.064516,0.064516
comma,18,0.934556,0.84853,0.878135,0.904296,0.870831,-0.007304,-0.063725,0.055556,0.111111
semicolon,31,0.939289,0.857752,0.8803,0.893372,0.870655,-0.009645,-0.068634,0.032258,0.096774
