length_pattern,case_count,cos_mean_lr_vs_target,cos_mean_lsr_vs_target,cos_direct_matrix_vs_target,cos_element_first_step_vs_left_sep,cos_element_matrix_vs_target,element_minus_direct,element_minus_mean,win_rate_vs_direct,win_rate_vs_mean
L+L,11,0.956257,0.87566,0.952828,0.943654,0.943495,-0.009333,-0.012761,0.0,0.272727
L+M,27,0.940243,0.861292,0.947135,0.954648,0.942298,-0.004838,0.002055,0.074074,0.592593
L+S,11,0.904244,0.823077,0.92482,0.941794,0.924964,0.000144,0.020721,0.363636,0.636364
M+L,5,0.962332,0.883819,0.925001,0.923248,0.91611,-0.00889,-0.046222,0.0,0.0
M+M,30,0.961871,0.880482,0.914785,0.922228,0.908494,-0.006292,-0.053377,0.1,0.0
M+S,30,0.928655,0.844824,0.901107,0.924392,0.900452,-0.000654,-0.028203,0.533333,0.266667
S+L,16,0.91135,0.82552,0.895473,0.956703,0.880202,-0.015271,-0.031148,0.0625,0.1875
S+M,56,0.922624,0.8435,0.889081,0.927435,0.875949,-0.013131,-0.046675,0.107143,0.053571
S+S,64,0.915969,0.848797,0.880954,0.927791,0.874542,-0.006412,-0.041427,0.1875,0.15625
