relation_kind,case_count,cos_mean_lr_vs_target,cos_mean_lsr_vs_target,cos_direct_matrix_vs_target,cos_element_first_step_vs_left_sep,cos_element_matrix_vs_target,element_minus_direct,element_minus_mean,win_rate_vs_direct,win_rate_vs_mean
cell_join,30,0.936507,0.851644,0.902931,0.921265,0.896156,-0.006775,-0.040351,0.233333,0.133333
hierarchy_join,28,0.938474,0.859467,0.907915,0.926147,0.900604,-0.00731,-0.03787,0.107143,0.107143
key_value_join,74,0.916566,0.837002,0.895906,0.936935,0.885186,-0.01072,-0.03138,0.094595,0.256757
list_join,54,0.936704,0.854401,0.906578,0.930139,0.89785,-0.008728,-0.038854,0.092593,0.12963
paragraph_join,28,0.933078,0.84595,0.906099,0.936682,0.896903,-0.009196,-0.036176,0.107143,0.214286
relation_join,36,0.926209,0.875271,0.908143,0.938738,0.909682,0.00154,-0.016527,0.527778,0.305556
