length_pattern,case_count,cos_mean_lr_vs_target,cos_mean_lsr_vs_target,cos_direct_matrix_vs_target,cos_element_first_step_vs_left_sep,cos_element_matrix_vs_target,element_minus_direct,element_minus_mean,win_rate_vs_direct,win_rate_vs_mean
L+L,10,0.95515,0.871209,0.947692,0.952757,0.938953,-0.008739,-0.016196,0.0,0.2
L+M,29,0.935943,0.860618,0.954954,0.961246,0.950583,-0.004372,0.014639,0.103448,0.724138
L+S,11,0.914232,0.83135,0.946584,0.961514,0.945651,-0.000934,0.031419,0.272727,0.909091
M+L,4,0.968865,0.889613,0.930114,0.923073,0.918143,-0.011971,-0.050722,0.0,0.0
M+M,28,0.957451,0.877018,0.910362,0.924163,0.905846,-0.004516,-0.051605,0.107143,0.0
M+S,30,0.926955,0.842634,0.901782,0.924578,0.899324,-0.002458,-0.027631,0.3,0.133333
S+L,11,0.904962,0.829767,0.896879,0.935959,0.882492,-0.014386,-0.022469,0.181818,0.181818
S+M,71,0.92359,0.84538,0.891344,0.929972,0.879947,-0.011397,-0.043644,0.169014,0.042254
S+S,56,0.910343,0.841565,0.889318,0.930739,0.885022,-0.004296,-0.025321,0.196429,0.25
