separator,case_count,cos_mean_lr_vs_target,cos_mean_lsr_vs_target,cos_direct_matrix_vs_target,cos_element_first_step_vs_left_sep,cos_element_matrix_vs_target,element_minus_direct,element_minus_mean,win_rate_vs_direct,win_rate_vs_mean
arrow,23,0.932274,0.85736,0.911118,0.930554,0.90204,-0.009078,-0.030234,0.043478,0.173913
blankline,37,0.928002,0.839623,0.899609,0.923637,0.893718,-0.005891,-0.034283,0.189189,0.162162
child,41,0.925341,0.879658,0.910752,0.939418,0.914272,0.00352,-0.011069,0.585366,0.365854
colon,65,0.912087,0.830502,0.89886,0.941753,0.889155,-0.009705,-0.022932,0.092308,0.261538
comma,34,0.935011,0.850458,0.903415,0.92378,0.892786,-0.010628,-0.042225,0.058824,0.088235
semicolon,50,0.939168,0.854727,0.921517,0.940312,0.913399,-0.008118,-0.025769,0.06,0.22
