length_pattern,case_count,cos_mean_lr_vs_target,cos_mean_lsr_vs_target,cos_direct_matrix_vs_target,cos_element_first_step_vs_left_sep,cos_element_matrix_vs_target,element_minus_direct,element_minus_mean,win_rate_vs_direct,win_rate_vs_mean
L+L,6,0.960556,0.882481,0.907929,0.894308,0.89962,-0.00831,-0.060936,0.0,0.166667
L+M,8,0.93847,0.861929,0.930609,0.939123,0.923969,-0.00664,-0.014501,0.125,0.375
L+S,8,0.893803,0.80928,0.905836,0.920462,0.900998,-0.004838,0.007195,0.375,0.625
M+L,1,0.975855,0.885769,0.87635,0.860314,0.862677,-0.013673,-0.113178,0.0,0.0
M+M,20,0.955603,0.872083,0.875758,0.884365,0.868806,-0.006952,-0.086798,0.2,0.0
M+S,10,0.928051,0.842435,0.872979,0.887154,0.867394,-0.005584,-0.060657,0.1,0.0
S+L,7,0.907117,0.825366,0.84872,0.904982,0.838675,-0.010045,-0.068442,0.142857,0.0
S+M,36,0.925571,0.845818,0.861253,0.907079,0.850531,-0.010721,-0.075039,0.111111,0.027778
S+S,29,0.907849,0.842828,0.859622,0.912876,0.851922,-0.007701,-0.055927,0.206897,0.103448
