relation_kind,case_count,cos_mean_lr_vs_target,cos_mean_lsr_vs_target,cos_direct_matrix_vs_target,cos_element_first_step_vs_left_sep,cos_element_matrix_vs_target,element_minus_direct,element_minus_mean,win_rate_vs_direct,win_rate_vs_mean
cell_join,24,0.937489,0.853673,0.892682,0.915459,0.886899,-0.005782,-0.050589,0.166667,0.083333
hierarchy_join,18,0.929861,0.851859,0.878935,0.890599,0.870374,-0.008561,-0.059487,0.111111,0.166667
key_value_join,35,0.91192,0.834531,0.861815,0.914922,0.849549,-0.012267,-0.062371,0.057143,0.114286
list_join,22,0.931401,0.846525,0.863281,0.883614,0.85345,-0.009831,-0.077951,0.090909,0.045455
paragraph_join,12,0.931904,0.841405,0.868607,0.906237,0.859256,-0.009351,-0.072648,0.083333,0.083333
relation_join,14,0.925701,0.881052,0.879387,0.913314,0.880877,0.00149,-0.044824,0.642857,0.142857
