length_pattern,case_count,cos_mean_lr_vs_target,cos_mean_lsr_vs_target,cos_direct_matrix_vs_target,cos_element_first_step_vs_left_sep,cos_element_matrix_vs_target,element_minus_direct,element_minus_mean,win_rate_vs_direct,win_rate_vs_mean
L+L,5,0.958369,0.877695,0.910754,0.92096,0.902337,-0.008417,-0.056032,0.0,0.2
L+M,13,0.938784,0.861848,0.924247,0.93575,0.916229,-0.008018,-0.022555,0.0,0.307692
L+S,4,0.901032,0.822397,0.912034,0.944503,0.910882,-0.001153,0.00985,0.25,0.5
M+L,4,0.967373,0.887814,0.880673,0.870729,0.869732,-0.010941,-0.097641,0.0,0.0
M+M,14,0.958988,0.877376,0.867693,0.884228,0.861149,-0.006544,-0.097839,0.071429,0.0
M+S,16,0.928973,0.847136,0.871668,0.893598,0.868544,-0.003125,-0.060429,0.4375,0.0625
S+L,14,0.906061,0.813725,0.862246,0.928348,0.845335,-0.01691,-0.060726,0.0,0.0
S+M,22,0.918894,0.841645,0.863131,0.919149,0.852152,-0.01098,-0.066743,0.136364,0.0
S+S,33,0.889568,0.83123,0.847237,0.899951,0.841062,-0.006175,-0.048506,0.333333,0.212121
