separator,case_count,cos_mean_lr_vs_target,cos_mean_lsr_vs_target,cos_direct_matrix_vs_target,cos_element_first_step_vs_left_sep,cos_element_matrix_vs_target,element_minus_direct,element_minus_mean,win_rate_vs_direct,win_rate_vs_mean
arrow,20,0.940164,0.859043,0.88214,0.896571,0.870746,-0.011394,-0.069418,0.0,0.05
blankline,21,0.935796,0.850283,0.872658,0.893646,0.863606,-0.009052,-0.07219,0.047619,0.142857
child,16,0.922754,0.880287,0.876582,0.918689,0.879716,0.003134,-0.043037,0.5625,0.125
colon,38,0.89052,0.815706,0.855531,0.921234,0.841844,-0.013687,-0.048676,0.131579,0.157895
comma,12,0.92934,0.844072,0.893048,0.921001,0.888384,-0.004664,-0.040957,0.25,0.25
semicolon,18,0.93358,0.853479,0.868481,0.898213,0.864345,-0.004136,-0.069236,0.277778,0.0
