length_pattern,case_count,cos_mean_lr_vs_target,cos_mean_lsr_vs_target,cos_direct_matrix_vs_target,cos_element_first_step_vs_left_sep,cos_element_matrix_vs_target,element_minus_direct,element_minus_mean,win_rate_vs_direct,win_rate_vs_mean
L+L,7,0.958707,0.874962,0.910466,0.910165,0.899176,-0.01129,-0.059531,0.0,0.142857
L+M,16,0.944561,0.866297,0.927631,0.934351,0.920933,-0.006698,-0.023628,0.0625,0.3125
L+S,2,0.892049,0.809621,0.820284,0.857253,0.815357,-0.004928,-0.076692,0.0,0.0
M+M,20,0.952258,0.870693,0.877902,0.882068,0.87094,-0.006962,-0.081318,0.1,0.0
M+S,16,0.926104,0.843843,0.861505,0.878612,0.8545,-0.007005,-0.071605,0.125,0.0625
S+L,5,0.929153,0.842113,0.852545,0.911073,0.839303,-0.013242,-0.08985,0.0,0.0
S+M,34,0.920554,0.843873,0.84989,0.89826,0.842024,-0.007866,-0.07853,0.176471,0.0
S+S,25,0.894744,0.832654,0.8413,0.890565,0.832121,-0.009179,-0.062623,0.2,0.04
