separator,case_count,cos_mean_lr_vs_target,cos_mean_lsr_vs_target,cos_direct_matrix_vs_target,cos_element_first_step_vs_left_sep,cos_element_matrix_vs_target,element_minus_direct,element_minus_mean,win_rate_vs_direct,win_rate_vs_mean
arrow,15,0.934646,0.860079,0.883384,0.896573,0.875281,-0.008103,-0.059365,0.133333,0.133333
blankline,16,0.938589,0.851052,0.87385,0.890945,0.868778,-0.005072,-0.06981,0.1875,0.125
child,16,0.909313,0.861385,0.870378,0.902633,0.869076,-0.001303,-0.040237,0.5625,0.1875
colon,49,0.918487,0.836945,0.859324,0.917165,0.852092,-0.007232,-0.066395,0.122449,0.102041
comma,14,0.944671,0.861729,0.874942,0.884458,0.865458,-0.009483,-0.079212,0.0,0.071429
semicolon,15,0.938338,0.86154,0.887342,0.902257,0.876741,-0.010601,-0.061597,0.0,0.066667
