length_pattern,case_count,cos_mean_lr_vs_target,cos_mean_lsr_vs_target,cos_direct_matrix_vs_target,cos_element_first_step_vs_left_sep,cos_element_matrix_vs_target,element_minus_direct,element_minus_mean,win_rate_vs_direct,win_rate_vs_mean
L+L,5,0.944328,0.871767,0.955006,0.952482,0.945689,-0.009317,0.001361,0.0,0.6
L+M,7,0.931544,0.860542,0.91596,0.91712,0.911874,-0.004086,-0.019669,0.285714,0.571429
L+S,10,0.917395,0.830958,0.914044,0.927019,0.911554,-0.00249,-0.005842,0.2,0.6
M+L,2,0.96646,0.877668,0.871371,0.901243,0.858254,-0.013117,-0.108206,0.0,0.0
M+M,16,0.95727,0.870058,0.874754,0.876454,0.865667,-0.009087,-0.091603,0.0,0.0
M+S,11,0.943831,0.863178,0.8904,0.898331,0.885725,-0.004674,-0.058106,0.181818,0.090909
S+L,12,0.916896,0.832047,0.882834,0.931128,0.868591,-0.014244,-0.048305,0.0,0.0
S+M,29,0.922554,0.841226,0.863909,0.90385,0.851726,-0.012183,-0.070828,0.068966,0.0
S+S,33,0.905768,0.849093,0.84115,0.893441,0.836581,-0.004569,-0.069187,0.30303,0.090909
