separator,case_count,cos_mean_lr_vs_target,cos_mean_lsr_vs_target,cos_direct_matrix_vs_target,cos_element_first_step_vs_left_sep,cos_element_matrix_vs_target,element_minus_direct,element_minus_mean,win_rate_vs_direct,win_rate_vs_mean
arrow,16,0.930148,0.850751,0.884969,0.893154,0.869992,-0.014976,-0.060156,0.0,0.0625
blankline,15,0.93618,0.851871,0.894893,0.897333,0.889049,-0.005843,-0.047131,0.2,0.266667
child,13,0.918142,0.880304,0.890611,0.921621,0.893496,0.002885,-0.024646,0.538462,0.307692
colon,36,0.907917,0.831221,0.847552,0.915083,0.838562,-0.00899,-0.069354,0.138889,0.055556
comma,16,0.92388,0.838306,0.871906,0.887092,0.862257,-0.00965,-0.061623,0.0625,0.25
semicolon,29,0.943688,0.865266,0.884224,0.902089,0.876282,-0.007942,-0.067406,0.068966,0.068966
